model,accuracy,balanced_accuracy,macro_f1,weighted_f1,macro_precision,macro_recall,train_seconds,predict_seconds,model_path
catboost,0.661322450566001,0.6333962116702349,0.4330645190264108,0.7198966147062889,0.4503025353632144,0.6333962116702349,688.3802437782288,1.3718774318695068,d:\Documents\Course's Project\i-have-a-simple-ids-to\offloading-for-nids-main\models\cloud_ids\catboost.joblib
lightgbm,0.718286935820823,0.6135130172011954,0.5308370624384783,0.7633761703629434,0.5589590269950329,0.6135130172011954,187.55381441116333,25.35529351234436,d:\Documents\Course's Project\i-have-a-simple-ids-to\offloading-for-nids-main\models\cloud_ids\lightgbm.joblib
neural_net,0.6555774182577856,0.5862828365765193,0.40885181867079534,0.7118147801959105,0.428313733302251,0.5862828365765193,143.37732648849487,0.661501407623291,d:\Documents\Course's Project\i-have-a-simple-ids-to\offloading-for-nids-main\models\cloud_ids\neural_net.joblib
