{
  "best_model": "random_forest",
  "selection_metric": "macro_f1",
  "best_model_path": "d:\\Documents\\Course's Project\\i-have-a-simple-ids-to\\offloading-for-nids-main\\models\\edge_ids\\best_edge_ids_model.joblib",
  "all_models": [
    {
      "model": "random_forest",
      "accuracy": 0.7085701792741583,
      "macro_f1": 0.48497209953905784,
      "weighted_f1": 0.754845570519836,
      "macro_precision": 0.49037035804995643,
      "macro_recall": 0.5668164440537073,
      "train_seconds": 380.9124526977539,
      "predict_seconds": 3.4990007877349854,
      "model_path": "d:\\Documents\\Course's Project\\i-have-a-simple-ids-to\\offloading-for-nids-main\\models\\edge_ids\\random_forest.joblib"
    },
    {
      "model": "extra_trees",
      "accuracy": 0.6522129913035029,
      "macro_f1": 0.40698423018785784,
      "weighted_f1": 0.7130519827705604,
      "macro_precision": 0.447972316585359,
      "macro_recall": 0.6101327603876848,
      "train_seconds": 457.24870443344116,
      "predict_seconds": 2.2250850200653076,
      "model_path": "d:\\Documents\\Course's Project\\i-have-a-simple-ids-to\\offloading-for-nids-main\\models\\edge_ids\\extra_trees.joblib"
    },
    {
      "model": "logistic_regression",
      "accuracy": 0.6120949327114609,
      "macro_f1": 0.33511269238087565,
      "weighted_f1": 0.6756587204232197,
      "macro_precision": 0.38318168798498314,
      "macro_recall": 0.5328012450637764,
      "train_seconds": 622.3026473522186,
      "predict_seconds": 0.5641739368438721,
      "model_path": "d:\\Documents\\Course's Project\\i-have-a-simple-ids-to\\offloading-for-nids-main\\models\\edge_ids\\logistic_regression.joblib"
    }
  ]
}